{"pinch_min": 0.01, "pinch_max": 0.15, "distance_min": 0.1, "distance_max": 0.6557034980580339, "right_min": 0.1834909250629101, "right_max": 0.12899252303877418, "left_min": 0.4400649164858563, "left_max": 0.07907815897214257}